artist_name,sex,country_of_origin,primary_language,primary_genre,artist_type,debut_year,total_streams_millions,lead_streams_millions,feature_streams_millions,solo_streams_millions,solo_stream_percentage,collaborative_streams_millions,collaborative_stream_percentage
Drake,Male,Canada,English,Hip-Hop,Solo,2006,137492.1,94851.1,42640.9,53323.9,38.78,84168.2,61.22
Taylor Swift,Female,United States,English,Pop,Solo,2006,127861.0,126177.3,1683.8,113421.5,88.71,14439.5,11.29
Bad Bunny,Male,United States,Spanish,Reggaeton,Solo,2013,125899.8,82189.3,43710.5,48887.0,38.83,77012.8,61.17
The Weeknd,Male,Canada,English,R&B,Solo,2009,95703.2,77189.4,18513.8,51020.0,53.31,44683.2,46.69
Justin Bieber,Male,Canada,English,Pop,Solo,2009,78104.4,48316.2,29788.2,29638.3,37.95,48466.1,62.05
Ariana Grande,Female,United States,English,Pop,Solo,2013,68298.9,57097.5,11201.4,41615.5,60.93,26683.4,39.07
Travis Scott,Male,United States,English,Hip-Hop,Solo,2013,65349.7,35338.7,30027.0,25309.9,38.73,40039.8,61.27
Kanye West,Male,United States,English,Hip-Hop,Solo,2004,65142.9,46558.4,18584.5,28473.0,43.71,36669.9,56.29
Ed Sheeran,Male,United Kingdom,English,Pop,Solo,2011,64656.9,57704.0,6967.8,46700.0,72.23,17956.9,27.77
Eminem,Male,United States,English,Hip-Hop,Solo,1996,64549.0,54466.8,10100.7,32940.0,51.03,31609.0,48.97
Rihanna,Female,Barbados,English,Pop,Solo,2005,60670.7,44824.4,15846.4,30261.8,49.88,30408.9,50.12
Billie Eilish,Female,United States,English,Pop,Solo,2015,58049.5,57160.1,889.4,51567.9,88.83,6481.6,11.17
Bruno Mars,Male,United States,English,Pop,Solo,2010,56727.1,40714.0,16013.1,33618.1,59.26,23109.0,40.74
Kendrick Lamar,Male,United States,English,Hip-Hop,Solo,2009,56459.5,40752.2,15725.0,23403.5,41.45,33056.0,58.55
Post Malone,Male,United States,English,Pop,Solo,2011,55028.3,48805.6,6235.6,25419.4,46.19,29608.9,53.81
J Balvin,Male,Colombia,Spanish,Reggaeton,Solo,2004,54649.2,25333.3,29334.0,7844.5,14.35,46804.7,85.65
Future,Male,United States,English,Hip-Hop,Solo,2010,53951.5,27879.0,26072.5,12647.5,23.44,41304.0,76.56
BTS,Male,South Korea,Korean,K-Pop,Group,2013,53308.9,47969.9,5339.0,44114.4,82.75,9194.5,17.25
Ozuna,Male,United States,Spanish,Reggaeton,Solo,2012,47649.2,20247.1,27418.9,8621.1,18.09,39028.1,81.91
Coldplay,Male,United Kingdom,English,Rock,Group,1999,46720.4,42837.1,3901.3,38535.2,82.48,8185.2,17.52
Juice WRLD,Male,United States,English,Hip-Hop,Solo,2015,46276.4,34132.1,12155.1,26675.7,57.64,19600.7,42.36
Chris Brown,Male,United States,English,R&B,Solo,2005,43963.8,24455.7,19523.9,12219.3,27.79,31744.5,72.21
Nicki Minaj,Female,Trinidad and Tobago,English,Hip-Hop,Solo,2007,43330.3,16316.4,27027.9,9618.2,22.2,33712.1,77.8
Lana Del Rey,Female,United States,English,Alternative,Solo,2010,42464.1,38477.3,3986.8,34578.4,81.43,7885.7,18.57
David Guetta,Male,France,English,EDM,Solo,1990,42059.5,30750.8,11325.3,406.8,0.97,41652.7,99.03
Dua Lipa,Female,United Kingdom,English,Pop,Solo,2015,41944.1,28269.7,13687.6,23133.7,55.15,18810.4,44.85
Daddy Yankee,Male,United States,Spanish,Reggaeton,Solo,1991,41405.4,19772.1,21650.0,10692.8,25.82,30712.6,74.18
Rauw Alejandro,Male,United States,Spanish,Reggaeton,Solo,2014,40738.6,24898.0,15857.7,10432.5,25.61,30306.1,74.39
Anuel AA,Male,United States,Spanish,Reggaeton,Solo,2011,40453.3,18355.6,22118.9,6177.0,15.27,34276.3,84.73
XXXTENTACION,Male,United States,English,Hip-Hop,Solo,2013,40411.3,34419.9,5998.9,28138.4,69.63,12272.9,30.37
Imagine Dragons,Male,United States,English,Rock,Group,2012,40279.5,38006.7,2283.2,33880.4,84.11,6399.1,15.89
Lil Wayne,Male,United States,English,Hip-Hop,Solo,1997,40148.2,15870.4,24279.9,4050.9,10.09,36097.3,89.91
21 Savage,Male,United Kingdom,English,Hip-Hop,Solo,2014,39024.3,15878.0,23155.6,7883.1,20.2,31141.2,79.8
SZA,Female,United States,English,R&B,Solo,2012,38879.6,25267.5,13627.2,19804.6,50.94,19075.0,49.06
Arijit Singh,Male,India,Hindi,Filmi,Solo,2011,37687.8,13330.4,24384.8,4537.4,12.04,33150.4,87.96
Lady Gaga,Female,United States,English,Pop,Solo,2008,37565.4,37009.7,572.0,23546.2,62.68,14019.2,37.32
KAROL G,Female,Colombia,Spanish,Reggaeton,Solo,2007,37549.7,29603.8,7961.5,14790.4,39.39,22759.3,60.61
Lil Baby,Male,United States,English,Hip-Hop,Solo,2017,35931.9,18773.5,17171.5,8928.8,24.85,27003.1,75.15
Maroon 5,Mixed,United States,English,Pop,Group,2002,35794.1,35585.8,222.6,23312.5,65.13,12481.6,34.87
Khalid,Male,United States,English,R&B,Solo,2016,35727.2,18499.9,17234.4,12520.6,35.05,23206.6,64.95
Beyoncé,Female,United States,English,Pop,Solo,2003,34975.2,29662.8,5325.3,21863.9,62.51,13111.3,37.49
Maluma,Male,Colombia,Spanish,Latin,Solo,2010,34841.0,19449.8,15404.7,11616.3,33.34,23224.7,66.66
Feid,Male,Colombia,Spanish,Reggaeton,Solo,2015,34579.1,18725.6,15774.1,9877.3,28.56,24701.8,71.44
Calvin Harris,Male,Scotland,English,EDM,Solo,2007,34129.7,31846.0,2298.3,5998.8,17.58,28130.9,82.42
Myke Towers,Male,United States,Spanish,Reggaeton,Solo,2016,33620.7,14022.5,19614.7,9406.6,27.98,24214.1,72.02
Linkin Park,Mixed,United States,English,Rock,Group,2000,33224.7,31426.6,1798.1,30151.2,90.75,3073.5,9.25
Peso Pluma,Male,Mexico,Spanish,Regional Mexican,Solo,2020,33179.8,18699.1,14501.2,3938.3,11.87,29241.5,88.13
J. Cole,Male,United States,English,Hip-Hop,Solo,2007,32200.9,24334.7,7876.1,18999.5,59.0,13201.4,41.0
Lil Uzi Vert,Male,United States,English,Hip-Hop,Solo,2014,32115.9,21117.5,11006.6,16803.2,52.32,15312.7,47.68
Sia,Female,Australia,English,Pop,Solo,1997,31642.1,21063.2,10588.2,15741.1,49.75,15901.0,50.25
Doja Cat,Female,United States,English,Pop,Solo,2012,31214.3,25574.2,5650.9,18797.1,60.22,12417.2,39.78
Shakira,Female,Colombia,Spanish,Latin,Solo,1991,31212.4,24041.0,7171.5,11661.1,37.36,19551.3,62.64
Morgan Wallen,Male,United States,English,Country,Solo,2014,31171.1,26589.9,4600.4,23825.8,76.44,7345.3,23.56
Young Thug,Male,United States,English,Hip-Hop,Solo,2011,30933.8,10464.2,20472.3,2792.1,9.03,28141.7,90.97
Farruko,Male,United States,Spanish,Reggaeton,Solo,2009,29775.3,8548.7,21237.2,4615.9,15.5,25159.4,84.5
Shawn Mendes,Male,Canada,English,Pop,Solo,2014,29471.1,28781.0,699.0,22074.9,74.9,7396.2,25.1
Harry Styles,Male,United Kingdom,English,Pop,Solo,2010,29449.0,29462.8,0.0,29449.0,100.0,0.0,0.0
Queen,Male,United Kingdom,English,Rock,Group,1973,29370.0,29307.6,70.8,26931.7,91.7,2438.3,8.3
Sam Smith,Male,United Kingdom,English,Pop,Solo,2012,29197.2,24125.8,5078.3,17995.2,61.63,11202.0,38.37
One Direction,Mixed,United Kingdom,English,Pop,Group,2011,28889.5,28898.2,0.0,28801.9,99.7,87.6,0.3
Metro Boomin,Male,United States,English,Hip-Hop,Solo,2013,28848.7,13945.2,14911.9,119.7,0.41,28729.0,99.59
Olivia Rodrigo,Female,United States,English,Pop,Solo,2021,28799.7,28797.6,2.2,26750.5,92.88,2049.2,7.12
Adele,Female,United Kingdom,English,Pop,Solo,2008,28690.5,28699.5,0.0,28537.7,99.47,152.8,0.53
Pritam,Male,India,Hindi,Pop,Solo,2001,28543.9,25181.4,3362.5,11.7,0.04,28532.2,99.96
Katy Perry,Female,United States,English,Pop,Solo,2001,28248.0,25287.5,2977.8,19629.7,69.49,8618.3,30.51
Gunna,Male,United States,English,Hip-Hop,Solo,2013,28195.8,12491.3,15715.6,7949.8,28.19,20246.0,71.81
Arctic Monkeys,Male,United Kingdom,English,Rock,Group,2005,28155.4,28166.2,0.0,28130.4,99.91,25.0,0.09
Fuerza Regida,Male,United States,Spanish,Latin,Group,2018,27466.8,19814.7,7652.1,11576.2,42.15,15890.6,57.85
Junior H,Male,Mexico,Spanish,Regional Mexican,Solo,2019,27406.8,18341.2,9084.4,13658.7,49.84,13748.1,50.16
"Tyler, The Creator",Male,United States,English,Hip-Hop,Solo,2009,27125.8,23925.9,3208.7,11656.5,42.97,15469.3,57.03
Selena Gomez,Female,United States,English,Pop,Solo,2008,26895.1,16017.5,10884.4,10921.5,40.61,15973.6,59.39
Ty Dolla $ign,Male,United States,English,R&B,Solo,2011,26465.2,5073.8,21394.8,318.4,1.2,26146.8,98.8
The Beatles,Male,United Kingdom,English,Rock,Group,1962,26130.5,26138.7,2.2,26123.0,99.97,7.5,0.03
Pitbull,Male,United States,English,Pop,Solo,2004,25875.8,18250.9,7641.0,2321.7,8.97,23554.1,91.03
Nicky Jam,Male,United States,Spanish,Reggaeton,Solo,1995,25875.4,11175.4,14672.0,2972.5,11.49,22902.9,88.51
Playboi Carti,Male,United States,English,Hip-Hop,Solo,2011,25818.4,15382.2,10446.9,10109.8,39.16,15708.6,60.84
Halsey,Female,United States,English,Pop,Solo,2014,25687.5,13902.2,11792.3,12376.1,48.18,13311.4,51.82
Wiz Khalifa,Male,United States,English,Hip-Hop,Solo,2006,25289.9,11748.9,13549.3,4844.5,19.16,20445.4,80.84
Michael Jackson,Male,United States,English,Pop,Solo,1964,25264.4,24355.5,908.9,22915.3,90.7,2349.1,9.3
Sabrina Carpenter,Female,United States,English,Pop,Solo,2014,24888.6,22789.6,2114.3,22549.4,90.6,2339.2,9.4
Frank Ocean,Male,United States,English,R&B,Solo,2011,24807.4,20425.4,4391.5,18809.3,75.82,5998.1,24.18
Die drei ???,Male,Germany,German,Spoken Word,Group,1979,24607.0,24525.4,81.6,24410.8,99.2,196.2,0.8
JAŸ-Z,Male,United States,English,Hip-Hop,Solo,1996,24440.1,13311.3,11139.9,2764.3,11.31,21675.8,88.69
A$AP Rocky,Male,United States,English,Hip-Hop,Solo,2011,24217.2,14721.3,9504.3,6253.7,25.82,17963.5,74.18
Miley Cyrus,Female,United States,English,Pop,Solo,2006,23907.6,20739.0,3175.7,18453.9,77.19,5453.7,22.81
The Chainsmokers,Male,United States,English,EDM,Group,2012,23845.1,22661.5,1189.8,3830.9,16.07,20014.2,83.93
Marshmello,Male,United States,English,EDM,Solo,2015,23705.9,17589.4,6122.5,1704.1,7.19,22001.8,92.81
Cardi B,Female,United States,English,Hip-Hop,Solo,2015,22494.9,10833.6,11666.6,4407.8,19.59,18087.1,80.41
Twenty One Pilots,Male,United States,English,Alternative,Group,2009,22475.8,22215.2,269.1,22142.6,98.52,333.2,1.48
Disney,Mixed,United States,English,Soundtrack,Group,1949,22236.1,287.8,21966.6,0.0,0.0,22236.1,100.0
Arcángel,Male,United States,Spanish,Reggaeton,Solo,2004,21937.3,8927.4,13023.3,3007.0,13.71,18930.3,86.29
Red Hot Chili Peppers,Mixed,United States,English,Rock,Group,1984,21873.8,21884.2,0.0,21872.4,99.99,1.4,0.01
Camila Cabello,Female,Cuba,English,Pop,Solo,2012,21546.2,12365.6,9186.0,6409.3,29.75,15136.9,70.25
$uicideboy$,Male,United States,English,Hip-Hop,Group,2014,21202.3,20357.3,851.6,16646.9,78.51,4555.4,21.49
OneRepublic,Mixed,United States,English,Pop,Group,2007,21182.2,19519.4,1669.7,17506.6,82.65,3675.6,17.35
Avicii,Male,Sweden,English,EDM,Solo,2006,21003.5,20142.3,867.4,14179.7,67.51,6823.8,32.49
Diplo,Male,United States,English,EDM,Solo,2002,20670.8,5352.4,15318.4,32.5,0.16,20638.3,99.84
Snoop Dogg,Male,United States,English,Hip-Hop,Solo,1993,20644.8,7762.0,12890.7,1744.2,8.45,18900.6,91.55
Romeo Santos,Male,United States,Spanish,Bachata,Solo,2011,20549.2,14249.8,6311.0,8225.7,40.03,12323.5,59.97
50 Cent,Male,United States,English,Hip-Hop,Solo,2003,20444.6,14112.2,6342.0,8484.4,41.5,11960.2,58.5
Natanael Cano,Male,Mexico,Spanish,Regional Mexican,Solo,2018,20300.7,13993.4,6316.3,7574.2,37.31,12726.5,62.69
YoungBoy Never Broke Again,Male,United States,English,Hip-Hop,Solo,2015,20138.1,15305.8,4841.7,13558.6,67.33,6579.5,32.67
Mac Miller,Male,United States,English,Hip-Hop,Solo,2007,20091.1,18765.5,1328.0,12865.2,64.03,7225.9,35.97
DaBaby,Male,United States,English,Hip-Hop,Solo,2015,19977.5,9365.1,10617.1,5320.2,26.63,14657.3,73.37
Don Toliver,Male,United States,English,Hip-Hop,Solo,2017,19830.5,12351.9,7494.0,8302.6,41.87,11527.9,58.13
Zach Bryan,Male,United States,English,Country,Solo,2019,19727.2,19690.8,47.3,15838.7,80.29,3888.5,19.71
Kygo,Male,Norway,English,EDM,Solo,2013,19707.8,17829.8,1883.3,250.7,1.27,19457.1,98.73
Sech,Male,Panama,Spanish,Reggaeton,Solo,2014,19528.3,7512.9,12015.4,2397.8,12.28,17130.5,87.72
The Neighbourhood,Male,United States,English,Alternative,Group,2011,19440.5,19435.6,14.3,18793.5,96.67,647.0,3.33
Quavo,Male,United States,English,Hip-Hop,Solo,2008,19383.5,2977.3,16406.1,809.7,4.18,18573.8,95.82
Henrique & Juliano,Male,Brazil,Portuguese,Sertanjeo,Group,2008,19231.7,15881.4,3360.5,15399.4,80.07,3832.3,19.93
Luke Combs,Male,United States,English,Country,Solo,2014,19101.6,17465.4,1647.2,16648.0,87.16,2453.6,12.84
Elton John,Male,United Kingdom,English,Rock,Solo,1969,19090.4,17435.4,1662.4,12211.1,63.96,6879.3,36.04
Manuel Turizo,Male,Colombia,Spanish,Latin,Solo,2016,18912.7,8490.9,10429.4,5716.7,30.23,13196.0,69.77
Trippie Redd,Male,United States,English,Hip-Hop,Solo,2016,18889.6,11762.8,7126.8,5822.1,30.82,13067.5,69.18
Tate McRae,Female,Canada,English,Pop,Solo,2017,18707.3,16893.7,1823.3,15280.9,81.68,3426.4,18.32
Lil Peep,Male,United States,English,Hip-Hop,Solo,2014,18649.5,17855.2,801.0,9452.7,50.69,9196.8,49.31
Metallica,Male,United States,English,Rock,Group,1983,18627.0,18557.0,77.9,18283.1,98.15,343.9,1.85
Don Omar,Male,United States,Spanish,Reggaeton,Solo,2003,18580.6,14990.8,3601.2,8321.9,44.79,10258.7,55.21
USHER,Male,United States,English,R&B,Solo,1994,18413.2,12525.4,5896.3,5222.1,28.36,13191.1,71.64
Charlie Puth,Male,United States,English,Pop,Solo,2015,18309.3,14642.3,3673.3,8613.7,47.05,9695.6,52.95
Justin Timberlake,Male,United States,English,Pop,Solo,2002,18270.8,13165.8,5114.9,8899.2,48.71,9371.6,51.29
Tiësto,Male,Netherlands,English,EDM,Solo,1994,18217.1,13653.1,4569.1,3490.5,19.16,14726.6,80.84
Sean Paul,Male,Jamaica,English,Reggae,Solo,1996,18203.3,9674.9,8539.4,4460.6,24.5,13742.7,75.5
Tyga,Male,United States,English,Hip-Hop,Solo,2008,18064.3,7403.0,10664.8,2757.4,15.26,15306.9,84.74
Kali Uchis,Female,Colombia,English,R&B,Solo,2012,18005.3,10367.0,7646.6,7259.1,40.32,10746.2,59.68
Kodak Black,Male,United States,English,Hip-Hop,Solo,2009,17738.8,11748.1,5997.1,7693.4,43.37,10045.4,56.63
Jason Derulo,Male,United States,English,Pop,Solo,2009,17720.2,13610.1,4116.2,8342.7,47.08,9377.5,52.92
BLACKPINK,Female,South Korea,Korean,K-Pop,Group,2016,17517.4,7595.2,9927.8,15415.4,88.0,2102.0,12.0
JHAYCO,Male,United States,Spanish,Reggaeton,Solo,2017,17516.1,16311.4,1210.7,2137.8,12.2,15378.3,87.8
Bebe Rexha,Female,United States,English,Pop,Solo,2014,17440.2,5933.3,11512.1,2784.0,15.96,14656.2,84.04
Daft Punk,Male,France,English,EDM,Group,1994,17316.6,10309.7,7013.9,6283.0,36.28,11033.6,63.72
Luis Miguel,Male,Mexico,Spanish,Latin,Solo,1982,17314.1,17301.5,20.0,17281.0,99.81,33.1,0.19
Demi Lovato,Female,United States,English,Pop,Solo,2008,17119.5,11625.6,5498.6,10006.0,58.45,7113.5,41.55
Akon,Male,Senegal,English,R&B,Solo,2004,17056.0,8007.4,9059.5,4403.1,25.82,12652.9,74.18
AC/DC,Male,Australia,English,Rock,Group,1975,17010.5,17018.0,0.0,17010.5,100.0,0.0,0.0
Sebastian Yatra,Male,Colombia,Spanish,Latin,Solo,2013,16984.3,10969.8,6018.9,4419.3,26.02,12565.0,73.98
Carín León,Male,Mexico,Spanish,Regional Mexican,Solo,2010,16969.4,10480.8,6497.7,7429.1,43.78,9540.3,56.22
Alan Walker,Male,Norway,English,EDM,Solo,2014,16893.4,13879.3,3019.1,5321.5,31.5,11571.9,68.5
A Boogie Wit da Hoodie,Male,United States,English,Hip-Hop,Solo,2016,16877.3,11425.9,5455.1,6395.3,37.89,10482.0,62.11
Fleetwood Mac,Mixed,United Kingdom,English,Rock,Group,1967,16577.5,16577.5,0.4,16567.4,99.94,10.1,0.06
Hozier,Male,Ireland,English,Rock,Solo,2013,16556.5,15920.4,641.8,15519.5,93.74,1037.0,6.26
Ellie Goulding,Female,United Kingdom,English,Pop,Solo,2009,16553.3,11362.1,5197.6,8685.9,52.47,7867.4,47.53
Radiohead,Male,United Kingdom,English,Rock,Group,1992,16454.9,16461.5,3.0,16382.5,99.56,72.4,0.44
Big Sean,Male,United States,English,Hip-Hop,Solo,2007,16428.9,12009.4,4364.5,2139.0,13.02,14289.9,86.98
Flo Rida,Male,United States,English,Hip-Hop,Solo,2007,16366.1,14784.2,1492.7,4359.8,26.64,12006.3,73.36
P!nk,Female,United States,English,Pop,Solo,2000,16271.6,7125.4,9125.0,11023.0,67.74,5248.6,32.26
Nirvana,Male,United States,English,Rock,Group,1989,16228.7,16236.0,0.0,16228.7,100.0,0.0,0.0
Pop Smoke,Male,United States,English,Hip-Hop,Solo,2018,16217.4,14631.5,1588.4,7841.6,48.35,8375.8,51.65
Britney Spears,Female,United States,English,Pop,Solo,1998,16148.3,14108.3,2048.1,13480.8,83.48,2667.5,16.52
James Arthur,Male,United Kingdom,English,Pop,Solo,2012,16111.6,14817.7,1297.6,12881.3,79.95,3230.3,20.05
Tory Lanez,Male,Canada,English,Hip-Hop,Solo,2009,16021.1,11602.1,4424.8,8229.4,51.37,7791.7,48.63
Pharrell Williams,Male,United States,English,Hip-Hop,Solo,2006,15952.2,4000.7,11957.2,2951.3,18.5,13000.9,81.5
DJ Snake,Male,France,English,EDM,Solo,2013,15921.1,12030.1,3896.3,527.5,3.31,15393.6,96.69
Daniel Caesar,Male,Canada,English,R&B,Solo,2014,15876.2,12905.1,2982.4,7353.2,46.32,8523.0,53.68
Black Eyed Peas,Mixed,United States,English,Hip-Hop,Group,1998,15775.7,15257.4,527.7,11623.0,73.68,4152.7,26.32
Swae Lee,Male,United States,English,Hip-Hop,Solo,2010,15746.0,502.4,15243.6,142.8,0.91,15603.2,99.09
Shreya Ghoshal,Female,India,Hindi,Filmi,Solo,2002,15723.0,2035.3,13703.9,690.5,4.39,15032.5,95.61
Duki,Male,Argentina,Spanish,Hip-Hop,Solo,2016,15684.7,7885.7,7799.0,3430.6,21.87,12254.1,78.13
Bizarrap,Male,Argentina,Spanish,Latin,Solo,2017,15638.8,13216.1,2427.2,84.5,0.54,15554.3,99.46
Migos,Male,United States,English,Hip-Hop,Group,2013,15562.1,13694.0,1874.1,4814.9,30.94,10747.2,69.06
The Kid LAROI,Male,Australia,English,Hip-Hop,Solo,2018,15561.7,10487.9,5077.6,6776.1,43.54,8785.6,56.46
Marília Mendonça,Female,Brazil,Portuguese,Sertanjeo,Solo,2011,15528.2,7743.7,7783.6,7736.5,49.82,7791.7,50.18
Anitta,Female,Brazil,Portuguese,Pop,Solo,2012,15525.6,11131.7,4374.8,3212.0,20.69,12313.6,79.31
Green Day,Male,United States,English,Rock,Group,1990,15453.3,15342.6,118.3,15333.7,99.23,119.6,0.77
Lil Durk,Male,United States,English,Hip-Hop,Solo,2011,15329.4,6848.7,8480.7,2898.8,18.91,12430.6,81.09
Polo G,Male,United States,English,Hip-Hop,Solo,2017,15252.2,13192.5,2067.1,7139.4,46.81,8112.8,53.19
A.R. Rahman,Male,India,Tamil,Filmi,Solo,1992,15240.4,10857.5,4397.5,594.9,3.9,14645.5,96.1
G-Eazy,Male,United States,English,Hip-Hop,Solo,2006,15133.0,11606.5,3518.6,1928.5,12.74,13204.5,87.26
Kid Cudi,Male,United States,English,Hip-Hop,Solo,2008,15086.8,10607.6,4483.9,5835.1,38.68,9251.7,61.32
Justin Quiles,Male,United States,Spanish,Reggaeton,Solo,2010,15041.1,4978.9,10062.1,2069.9,13.76,12971.2,86.24
Bob Marley & The Wailers,Male,Jamaica,English,Reggae,Group,1962,14992.7,14837.1,161.6,13836.0,92.28,1156.7,7.72
Stray Kids,Male,South Korea,Korean,K-Pop,Group,2018,14947.4,14819.0,136.5,13482.3,90.2,1465.1,9.8
Anirudh Ravichander,Male,India,Tamil,Filmi,Solo,2012,14897.8,12456.5,2450.0,1543.3,10.36,13354.5,89.64
Ne-Yo,Male,United States,English,R&B,Solo,2006,14888.6,8808.5,6090.2,8012.0,53.81,6876.6,46.19
Gucci Mane,Male,United States,English,Hip-Hop,Solo,2005,14880.2,7106.1,7779.1,1618.8,10.88,13261.4,89.12
ROSALÍA,Female,Spain,Spanish,Pop,Solo,2016,14558.4,10084.0,4479.1,5316.8,36.52,9241.6,63.48
Charli xcx,Female,United Kingdom,English,Pop,Solo,2008,14544.4,10175.3,4376.0,6747.8,46.39,7796.6,53.61
Joji,Male,Japan,English,R&B,Solo,2017,14512.1,13579.3,938.4,12111.7,83.46,2400.4,16.54
Fall Out Boy,Male,United States,English,Rock,Group,2003,14507.7,10717.2,3796.5,12380.2,85.34,2127.5,14.66
PARTYNEXTDOOR,Male,Canada,English,R&B,Solo,2013,14506.3,13237.2,1275.0,7177.2,49.48,7329.1,50.52
Jorge & Mateus,Male,Brazil,Portuguese,Sertanjeo,Group,2007,14404.4,11024.0,3391.4,10484.4,72.79,3920.0,27.21
Offset,Male,United States,English,Hip-Hop,Solo,2015,14402.6,13416.1,990.0,791.1,5.49,13611.5,94.51
Panic! At The Disco,Male,United States,English,Rock,Group,2005,14402.3,4417.2,9988.5,13038.0,90.53,1364.3,9.47
Tame Impala,Male,Australia,English,Rock,Solo,2008,14387.1,13232.8,1165.4,12678.8,88.13,1708.3,11.87
Quevedo,Male,Spain,Spanish,Reggaeton,Solo,2020,14345.2,7659.9,6698.1,4914.9,34.26,9430.3,65.74
Morat,Male,Colombia,Spanish,Latin,Group,2015,14293.7,11695.5,2609.0,8588.9,60.09,5704.8,39.91
Zara Larsson,Female,Sweden,English,Pop,Solo,2008,14221.3,9372.1,4858.7,7138.3,50.19,7083.0,49.81
Tito Double P,Male,Mexico,Spanish,Regional Mexican,Solo,2023,14166.6,7969.4,6215.6,3646.4,25.74,10520.2,74.26
Jul,Male,France,French,Hip-Hop,Solo,2013,14127.8,11142.3,2993.2,8903.2,63.02,5224.6,36.98
2Pac,Male,United States,English,Hip-Hop,Solo,1991,14116.7,13659.9,462.4,5423.2,38.42,8693.5,61.58
Gorillaz,Male,United Kingdom,English,Alternative,Group,2001,14104.4,14087.5,23.4,3963.9,28.1,10140.5,71.9
Lewis Capaldi,Male,Scotland,English,Pop,Solo,2017,14087.8,14091.2,0.0,13608.5,96.6,479.3,3.4
Grupo Frontera,Male,United States,Spanish,Regional Mexican,Group,2022,13999.3,8094.6,5914.6,2001.5,14.3,11997.8,85.7
Camilo,Male,Colombia,Spanish,Pop,Solo,2007,13994.1,8290.1,5703.9,3475.3,24.83,10518.8,75.17
Lenny Tavárez,Male,United States,Spanish,Reggaeton,Solo,2009,13994.0,944.9,13049.1,136.0,0.97,13858.0,99.03
2 Chainz,Male,United States,English,Hip-Hop,Solo,2007,13978.6,4090.4,9888.1,895.7,6.41,13082.9,93.59
NF,Male,United States,English,Hip-Hop,Solo,2010,13891.9,9309.2,4586.6,12293.1,88.49,1598.8,11.51
Bryson Tiller,Male,United States,English,R&B,Solo,2011,13890.6,13739.5,155.6,8915.5,64.18,4975.1,35.82
Rels B,Male,Spain,Spanish,Hip-Hop,Solo,2014,13734.1,11278.9,2462.0,8953.7,65.19,4780.4,34.81
Roddy Ricch,Male,United States,English,Hip-Hop,Solo,2017,13692.0,6665.0,7030.0,4971.3,36.31,8720.7,63.69
Guns N' Roses,Male,United States,English,Rock,Group,1985,13683.0,13689.3,0.0,13682.2,99.99,0.8,0.01
Mariah Carey,Female,United States,English,Pop,Solo,1990,13650.2,12396.8,1258.3,10348.7,75.81,3301.5,24.19
Noah Kahan,Male,United States,English,Folk,Solo,2017,13543.1,12815.1,728.0,10726.1,79.2,2817.0,20.8
Megan Thee Stallion,Female,United States,English,Hip-Hop,Solo,2016,13532.0,7853.3,5683.7,4660.7,34.44,8871.3,65.56
Christian Nodal,Male,Mexico,Spanish,Regional Mexican,Solo,2016,13503.4,9602.3,3932.5,8044.7,59.58,5458.7,40.42
Brent Faiyaz,Male,United States,English,R&B,Solo,2013,13490.4,9955.4,3540.8,8582.9,63.62,4907.5,36.38
Martin Garrix,Male,Netherlands,English,EDM,Solo,2012,13468.7,12222.3,1249.7,1202.8,8.93,12265.9,91.07
Banda MS de Sergio Lizárraga,Male,Mexico,Spanish,Regional Mexican,Group,2003,13433.6,12366.7,1072.9,11154.7,83.04,2278.9,16.96
Pink Floyd,Male,United Kingdom,English,Rock,Group,1967,13404.2,11623.7,1790.5,13400.7,99.97,3.5,0.03
mgk,Male,United States,English,Hip-Hop,Solo,2006,13398.3,13409.8,0.0,4665.5,34.82,8732.8,65.18
Wisin & Yandel,Male,United States,Spanish,Reggaeton,Group,1998,13323.2,8971.1,4360.5,5734.4,43.04,7588.8,56.96
Dr. Dre,Male,United States,English,Hip-Hop,Solo,1984,13320.3,8568.7,4756.2,464.4,3.49,12855.9,96.51
Mora,Male,United States,Spanish,Reggaeton,Solo,2017,13291.0,10113.7,3183.3,4068.1,30.61,9222.9,69.39
Cigarettes After Sex,Mixed,United States,English,Alternative,Group,2008,13287.0,13294.9,0.0,13287.0,100.0,0.0,0.0
Childish Gambino,Male,United States,English,Hip-Hop,Solo,2008,13281.8,12309.2,978.1,11171.3,84.11,2110.5,15.89
Wisin,Male,United States,Spanish,Reggaeton,Solo,2000,13273.4,4702.2,8580.5,575.4,4.33,12698.0,95.67
Major Lazer,Mixed,United States,English,EDM,Group,2009,13220.4,11619.7,1604.0,45.4,0.34,13175.0,99.66
John Mayer,Male,United States,English,Pop,Solo,1999,13208.3,12134.4,1076.8,11821.4,89.5,1386.9,10.5
Miguel,Male,United States,English,R&B,Solo,2010,13065.7,7612.4,5460.1,5541.7,42.41,7524.0,57.59
Lil Nas X,Male,United States,English,Hip-Hop,Solo,2018,13039.8,12982.3,59.7,7413.1,56.85,5626.7,43.15
System Of A Down,Male,United States,English,Metal,Group,1998,13009.4,13017.1,0.0,12963.5,99.65,45.9,0.35
Logic,Male,United States,English,Hip-Hop,Solo,2009,12994.4,12999.7,0.0,5593.4,43.04,7401.0,56.96
ABBA,Mixed,Sweden,English,Pop,Group,1972,12992.2,10479.5,2516.3,12992.2,100.0,0.0,0.0
Becky G,Female,United States,Spanish,Latin,Solo,2013,12985.2,8772.2,4216.8,2160.8,16.64,10824.4,83.36
Yandel,Male,United States,Spanish,Reggaeton,Solo,2003,12929.7,5938.5,6997.8,1490.1,11.52,11439.6,88.48
Enrique Iglesias,Male,Spain,Spanish,Latin,Solo,1995,12857.9,11010.3,1853.0,3301.0,25.67,9556.9,74.33
Lil Yachty,Male,United States,English,Hip-Hop,Solo,2015,12823.8,5535.0,7288.8,2109.2,16.45,10714.6,83.55
Luis R Conriquez,Male,Mexico,Spanish,Regional Mexican,Solo,2018,12810.9,6582.9,6236.2,1707.5,13.33,11103.4,86.67
Zion & Lennox,Male,United States,Spanish,Reggaeton,Group,2000,12799.8,5018.4,7786.4,1713.9,13.39,11085.9,86.61
5 Seconds of Summer,Male,Australia,English,Rock,Group,2011,12788.3,12025.6,766.3,11526.4,90.13,1261.9,9.87
Jack Harlow,Male,United States,English,Hip-Hop,Solo,2015,12751.0,8481.6,4272.5,5659.8,44.39,7091.2,55.61
TWICE,Female,South Korea,Korean,K-Pop,Group,2015,12716.2,2648.7,10073.4,12242.6,96.28,473.6,3.72
Ñengo Flow,Male,United States,Spanish,Reggaeton,Solo,2004,12713.2,12596.1,124.8,1284.7,10.11,11428.5,89.89
Ava Max,Female,United States,English,Pop,Solo,2008,12700.7,8281.2,4423.1,7763.9,61.13,4936.8,38.87
ZAYN,Male,United Kingdom,English,Pop,Solo,2010,12650.8,11398.2,1255.5,5777.3,45.67,6873.5,54.33
Michael Bublé,Male,Canada,English,Pop,Solo,2001,12647.5,11934.0,715.4,10362.7,81.93,2284.8,18.07
Macklemore,Male,United States,English,Hip-Hop,Solo,2000,12593.2,6266.0,6330.7,351.5,2.79,12241.7,97.21
Anne-Marie,Female,United Kingdom,English,Pop,Solo,2013,12593.0,12542.7,29.5,3706.6,29.43,8886.4,70.57
The Rolling Stones,Male,United Kingdom,English,Rock,Group,1964,12566.2,4905.7,7658.9,12335.7,98.17,230.5,1.83
Frank Sinatra,Male,United States,English,Pop,Solo,1939,12421.7,11999.7,421.9,9162.6,73.76,3259.1,26.24
Robin Schulz,Male,Germany,German,EDM,Solo,2014,12403.3,7261.2,5145.8,376.4,3.03,12026.9,96.97
Bryant Myers,Male,United States,Spanish,Reggaeton,Solo,2015,12394.6,4419.4,7981.5,1528.1,12.33,10866.5,87.67
Gusttavo Lima,Male,Brazil,Portuguese,Sertanjeo,Solo,2009,12324.9,10393.6,1924.7,8841.9,71.74,3483.0,28.26
Eladio Carrion,Male,United States,Spanish,Hip-Hop,Solo,2017,12209.5,8937.9,3281.7,3226.5,26.43,8983.0,73.57
Grupo Firme,Male,Mexico,Spanish,Regional Mexican,Group,2014,12151.3,8589.8,3569.6,2705.2,22.26,9446.1,77.74
Amitabh Bhattacharya,Male,India,Hindi,Filmi,Solo,2008,12136.7,8.4,12135.9,0.0,0.0,12136.7,100.0
Alicia Keys,Female,United States,English,R&B,Solo,2001,12099.6,8350.5,3754.7,7341.3,60.67,4758.3,39.33
Kesha,Female,United States,English,Pop,Solo,2009,12094.7,7821.4,4279.1,7189.4,59.44,4905.3,40.56
LAUV,Male,United States,English,Pop,Solo,2015,11966.9,10802.2,1167.1,7423.0,62.03,4543.9,37.97
Madonna,Female,United States,English,Pop,Solo,1982,11879.6,10122.7,1768.2,8527.5,71.78,3352.1,28.22
Reik,Male,Mexico,Spanish,Latin,Group,2005,11853.7,9900.6,1953.1,5248.7,44.28,6605.0,55.72
John Legend,Male,United States,English,R&B,Solo,2004,11821.6,7454.6,4369.1,5783.2,48.92,6038.4,51.08
Meghan Trainor,Female,United States,English,Pop,Solo,2009,11817.1,9731.6,2088.0,7684.3,65.03,4132.8,34.97
Lil Tecca,Male,United States,English,Hip-Hop,Solo,2017,11783.3,10687.5,1099.4,8809.8,74.77,2973.5,25.23
Lorde,Female,New Zealand,English,Pop,Solo,2012,11721.0,11036.0,689.0,10605.6,90.48,1115.4,9.52
MC Ryan SP,Male,Brazil,Portuguese,Hip-Hop,Solo,2019,11715.1,1404.1,10305.2,7.7,0.07,11707.4,99.93
Chris Stapleton,Male,United States,English,Country,Solo,2015,11678.7,9802.2,1883.1,9721.8,83.24,1956.9,16.76
French Montana,Male,Morocco,English,Hip-Hop,Solo,2002,11640.6,6067.8,5576.2,325.2,2.79,11315.4,97.21
Melanie Martinez,Female,United States,English,Pop,Solo,2014,11632.9,11637.4,0.0,11489.7,98.77,143.2,1.23
Elvis Presley,Male,United States,English,Rock,Solo,1954,11588.8,11545.0,47.3,10653.5,91.93,935.3,8.07
Rick Ross,Male,United States,English,Hip-Hop,Solo,2006,11575.2,3209.4,8365.8,747.3,6.46,10827.9,93.54
Cris MJ,Male,Chile,Spanish,Reggaeton,Solo,2019,11566.2,7224.2,4349.4,4663.0,40.32,6903.2,59.68
Zedd,Male,Russia,English,EDM,Solo,2010,11481.4,11486.5,0.0,235.7,2.05,11245.7,97.95
Paramore,Mixed,United States,English,Rock,Group,2005,11480.4,8241.1,3243.6,11420.3,99.48,60.1,0.52
Chance the Rapper,Male,United States,English,Hip-Hop,Solo,2012,11475.1,3956.3,7518.7,545.7,4.76,10929.4,95.24
Ninho,Male,France,French,Hip-Hop,Solo,2017,11459.5,7069.7,4399.6,5201.4,45.39,6258.1,54.61
blackbear,Male,United States,English,R&B,Solo,2006,11428.5,7562.2,3868.0,6108.9,53.45,5319.6,46.55
Creedence Clearwater Revival,Male,United States,English,Rock,Group,1968,11314.2,11274.4,44.7,11264.9,99.56,49.3,0.44
T-Pain,Male,United States,English,R&B,Solo,2005,11238.2,4609.5,6628.7,839.9,7.47,10398.3,92.53
Jung Kook,Male,South Korea,Korean,K-Pop,Solo,2013,11232.6,9653.8,1583.7,4076.4,36.29,7156.2,63.71
Skrillex,Male,United States,English,EDM,Solo,2010,11198.8,5328.3,5873.2,961.9,8.59,10236.9,91.41
DJ Khaled,Male,United States,English,Hip-Hop,Solo,2006,11196.0,10287.7,910.9,656.6,5.86,10539.4,94.14
Wizkid,Male,Nigeria,English,Afrobeats,Solo,2011,11149.0,3260.0,7882.2,1292.0,11.59,9857.0,88.41
Oasis,Male,United Kingdom,English,Rock,Group,1994,11063.6,11073.6,0.0,11061.4,99.98,2.2,0.02
Christina Aguilera,Female,United States,English,Pop,Solo,1999,11060.5,6055.9,5004.6,4661.1,42.14,6399.4,57.86
Slipknot,Male,United States,English,Metal,Group,1999,11051.4,11056.2,0.0,11051.4,100.0,0.0,0.0
Irshad Kamil,Male,India,Hindi,Filmi,Solo,2004,11014.9,5793.9,5236.3,0.0,0.0,11014.9,100.0
Little Mix,Female,United Kingdom,English,Pop,Group,2011,10985.7,0.0,11024.9,6916.9,62.96,4068.8,37.04
Beéle,Male,Colombia,Spanish,Reggaeton,Solo,2019,10974.0,9511.5,1474.2,3645.8,33.22,7328.2,66.78
The Notorious B.I.G.,Male,United States,English,Hip-Hop,Solo,1993,10968.8,5006.4,5977.1,7034.7,64.13,3934.1,35.87
Mitski,Female,Japan,English,Alternative,Solo,2012,10939.4,9358.8,1614.9,10795.1,98.68,144.3,1.32
Tainy,Male,United States,Spanish,Reggaeton,Solo,2006,10933.4,10905.7,38.0,8.1,0.07,10925.3,99.93
Zé Neto & Cristiano,Male,Brazil,Portuguese,Sertanjeo,Group,2011,10914.2,9203.4,1721.9,8573.2,78.55,2341.0,21.45
Rammstein,Male,Germany,German,Metal,Group,1995,10902.6,10910.3,0.0,10773.4,98.81,129.2,1.19
Labrinth,Male,United Kingdom,English,Pop,Solo,2010,10783.2,7412.3,3373.2,5819.8,53.97,4963.4,46.03
Chencho Corleone,Male,United States,Spanish,Reggaeton,Solo,1999,10776.2,10712.5,63.9,291.9,2.71,10484.3,97.29
Darell,Male,United States,Spanish,Reggaeton,Solo,2010,10772.0,595.6,10180.6,689.2,6.4,10082.8,93.6
Bon Jovi,Male,United States,English,Rock,Group,1984,10771.3,10772.2,0.6,10575.9,98.19,195.4,1.81
The Killers,Male,United States,English,Rock,Group,2004,10767.6,1893.8,8878.2,10569.4,98.16,198.2,1.84
blink-182,Male,United States,English,Rock,Group,1995,10760.4,10630.4,133.8,10584.7,98.37,175.7,1.63
Summer Walker,Female,United States,English,R&B,Solo,2018,10756.4,7776.1,2980.3,3834.9,35.65,6921.5,64.35
Jhené Aiko,Female,United States,English,R&B,Solo,2002,10731.7,6224.9,4506.8,3239.2,30.18,7492.5,69.82
Kehlani,Female,United States,English,R&B,Solo,2014,10712.8,6060.2,4663.4,4257.4,39.74,6455.4,60.26
Clean Bandit,Mixed,United Kingdom,English,Pop,Group,2012,10711.2,10381.4,333.5,73.4,0.69,10637.8,99.31
David Bowie,Male,United Kingdom,English,Rock,Solo,1967,10696.6,8379.6,2317.0,8204.5,76.7,2492.1,23.3
U2,Male,Ireland,English,Rock,Group,1979,10616.1,10020.5,599.3,9771.3,92.04,844.8,7.96
Aventura,Male,United States,Spanish,Bachata,Group,1996,10607.0,10520.3,92.7,8371.3,78.92,2235.7,21.08
Foo Fighters,Male,United States,English,Rock,Group,1994,10571.1,10570.2,4.5,10555.6,99.85,15.5,0.15
The 1975,Male,United Kingdom,English,Rock,Group,2012,10489.6,10191.7,301.5,10165.9,96.91,323.7,3.09
Maria Becerra,Female,Argentina,Spanish,Latin,Solo,2019,10476.9,3977.8,6499.1,2597.3,24.79,7879.6,75.21
Plan B,Male,United Kingdom,English,Hip-Hop,Solo,2006,10449.0,7062.7,3394.7,6337.8,60.65,4111.2,39.35
Steve Lacy,Male,United States,English,R&B,Solo,2015,10368.7,9179.2,1201.2,8970.6,86.52,1398.1,13.48
De La Ghetto,Male,United States,Spanish,Reggaeton,Solo,2004,10352.8,1937.7,8415.1,410.2,3.96,9942.6,96.04
Troye Sivan,Male,South Africa,English,Pop,Solo,2006,10332.8,7323.0,3009.8,6153.5,59.55,4179.3,40.45
Conan Gray,Male,United States,English,Pop,Solo,2017,10313.5,10145.1,172.0,10141.5,98.33,172.0,1.67
Ludacris,Male,United States,English,Hip-Hop,Solo,1999,10293.0,6016.2,4284.3,745.9,7.25,9547.1,92.75
Burna Boy,Male,Nigeria,English,Afrobeats,Solo,2012,10290.6,2289.2,8003.8,4395.8,42.72,5894.8,57.28
Danny Ocean,Male,Venezuela,Spanish,Latin,Solo,2009,10234.3,8102.5,2138.3,6955.0,67.96,3279.3,32.04
Meek Mill,Male,United States,English,Hip-Hop,Solo,2003,10231.2,7551.1,2685.0,2118.4,20.71,8112.8,79.29
My Chemical Romance,Male,United States,English,Rock,Group,2002,10180.2,10185.8,0.0,10132.8,99.53,47.4,0.47
Alessia Cara,Female,Canada,English,Pop,Solo,2015,10179.3,6431.1,3750.4,5420.2,53.25,4759.1,46.75
Vishal-Shekhar,Male,India,Hindi,Filmi,Group,1999,10165.0,8858.9,1312.6,6.7,0.07,10158.3,99.93
Paulo Londra,Male,Argentina,Spanish,Hip-Hop,Solo,2017,10160.5,8082.0,2081.7,6415.1,63.14,3745.4,36.86
La Arrolladora Banda El Limón De Rene Camacho,Male,Mexico,Spanish,Regional Mexican,Group,1997,10147.9,10065.9,89.1,9956.8,98.12,191.1,1.88
Yeat,Male,United States,English,Hip-Hop,Solo,2015,10141.7,9084.2,1067.9,7696.5,75.89,2445.2,24.11
Matheus & Kauan,Male,Brazil,Portuguese,Sertanjeo,Group,2010,10122.5,8138.6,1988.4,5614.2,55.46,4508.3,44.54
Alok,Male,Brazil,Portuguese,EDM,Solo,2004,10115.7,9351.5,766.2,269.8,2.67,9845.9,97.33
Bring Me The Horizon,Male,United Kingdom,English,Rock,Group,2006,10108.0,8333.7,1782.0,8006.1,79.21,2101.9,20.79
Central Cee,Male,United Kingdom,English,Hip-Hop,Solo,2014,10095.5,6587.0,3508.5,5050.9,50.03,5044.6,49.97
League of Legends,Mixed,United States,English,Soundtrack,Group,2009,10048.3,3456.4,6591.9,257.0,2.56,9791.3,97.44
Mac DeMarco,Male,Canada,English,Rock,Solo,2012,9970.2,9813.7,161.5,9795.8,98.25,174.4,1.75
Benson Boone,Male,United States,English,Pop,Solo,2021,9949.6,9956.4,0.0,9911.9,99.62,37.7,0.38
Dalex,Male,United States,Spanish,Reggaeton,Solo,2014,9948.7,4105.3,5843.4,471.7,4.74,9477.0,95.26
Nickelback,Male,Canada,English,Rock,Group,1996,9933.4,9932.9,6.1,9864.7,99.31,68.7,0.69
Marc Anthony,Male,United States,Spanish,Latin,Solo,1988,9914.5,6239.0,3689.5,5931.4,59.83,3983.1,40.17
Maná,Mixed,Mexico,Spanish,Rock,Group,1987,9914.4,9921.1,6.1,7817.7,78.85,2096.7,21.15
Led Zeppelin,Male,United Kingdom,English,Rock,Group,1969,9909.5,9912.8,0.0,9909.5,100.0,0.0,0.0
Måneskin,Mixed,Italy,Italian,Rock,Group,2017,9899.4,9883.0,20.1,9351.9,94.47,547.5,5.53
Florida Georgia Line,Male,United States,English,Country,Group,2010,9869.3,6437.0,3432.3,4558.7,46.19,5310.6,53.81
Luis Fonsi,Male,United States,Spanish,Latin,Solo,1998,9862.6,4889.8,4976.4,1538.9,15.6,8323.7,84.4
RAYE,Female,United Kingdom,English,Pop,Solo,2014,9859.6,4832.5,5032.9,2441.1,24.76,7418.5,75.24
Neton Vega,Male,Mexico,Spanish,Latin,Solo,2023,9854.0,8668.1,1197.3,2611.1,26.5,7242.9,73.5
Gracie Abrams,Female,United States,English,Pop,Solo,2019,9797.8,9279.7,543.3,8953.2,91.38,844.6,8.62
Timbaland,Male,United States,English,Hip-Hop,Solo,1997,9734.0,4314.3,5425.4,31.0,0.32,9703.0,99.68
Jeremih,Male,United States,English,R&B,Solo,2009,9713.0,5586.8,4126.1,2334.8,24.04,7378.2,75.96
The Lumineers,Male,United States,English,Folk,Group,2012,9666.1,9207.9,460.8,9168.3,94.85,497.8,5.15
Oscar Maydon,Male,Mexico,Spanish,Latin,Solo,2020,9609.0,5573.7,4061.0,436.8,4.55,9172.2,95.45
Anderson .Paak,Male,United States,English,R&B,Solo,2014,9513.7,9454.3,63.4,1289.2,13.55,8224.5,86.45
Chase Atlantic,Male,Australia,English,R&B,Group,2014,9513.0,9329.3,185.8,8793.0,92.43,720.0,7.57
Julión Álvarez y su Norteño Banda,Male,Mexico,Spanish,Regional Mexican,Group,2007,9503.3,2467.8,7045.9,9278.4,97.63,224.9,2.37
Prince Royce,Male,United States,Spanish,Bachata,Solo,2010,9495.2,6483.6,3011.7,4320.4,45.5,5174.8,54.5
Bastille,Male,United Kingdom,English,Alternative,Group,2010,9439.9,4498.2,4948.6,5621.4,59.55,3818.5,40.45
Sfera Ebbasta,Male,Italy,Italian,Hip-Hop,Solo,2011,9437.3,6110.3,3331.7,2399.2,25.42,7038.1,74.58
Florence + The Machine,Female,United Kingdom,English,Rock,Group,2009,9401.0,8691.5,712.9,8081.2,85.96,1319.8,14.04
YG,Male,United States,English,Hip-Hop,Solo,2008,9362.3,4260.1,5102.2,1075.6,11.49,8286.7,88.51
Alejandro Sanz,Male,Spain,Spanish,Latin,Solo,1989,9340.1,6691.7,2658.2,5230.2,56.0,4109.9,44.0
Lil Tjay,Male,United States,English,Hip-Hop,Solo,2017,9314.8,5409.5,3905.3,1907.2,20.47,7407.6,79.53
GIVĒON,Male,United States,English,R&B,Solo,2018,9302.9,5809.3,3497.2,5699.0,61.26,3603.9,38.74
Billy Joel,Male,United States,English,Rock,Solo,1971,9290.9,9255.2,40.4,9207.2,99.1,83.7,0.9
Luke Bryan,Male,United States,English,Country,Solo,2007,9213.5,9212.7,8.3,7646.2,82.99,1567.3,17.01
Muse,Male,United Kingdom,English,Rock,Group,1999,9212.4,7752.7,1460.8,9165.0,99.49,47.4,0.51
Jonas Blue,Male,United Kingdom,English,EDM,Solo,2015,9206.7,7645.1,1564.1,36.4,0.4,9170.3,99.6
Teddy Swims,Male,United States,English,Pop,Solo,2019,9177.5,7949.0,1236.7,7238.3,78.87,1939.2,21.13
Juanes,Male,Colombia,Spanish,Latin,Solo,1988,9121.6,4954.8,4166.8,4039.5,44.28,5082.1,55.72
Jennifer Lopez,Female,United States,English,Pop,Solo,1999,9115.7,7543.0,1578.6,2706.2,29.69,6409.5,70.31
Cartel De Santa,Male,Mexico,Spanish,Hip-Hop,Group,2002,9107.5,8630.9,487.3,5817.4,63.87,3290.1,36.13
T.I.,Male,United States,English,Hip-Hop,Solo,2001,9084.9,4560.6,4524.3,1805.2,19.87,7279.7,80.13
Gabito Ballesteros,Male,Mexico,Spanish,Regional Mexican,Solo,2015,9076.4,3472.0,5604.3,752.1,8.29,8324.3,91.71
El Alfa,Male,Dominican Republic,Spanish,Latin,Solo,2008,9056.5,5112.2,3944.3,561.5,6.2,8495.0,93.8
Alka Yagnik,Female,India,Hindi,Filmi,Solo,1980,8988.2,2897.2,6102.8,551.1,6.13,8437.1,93.87
Blessd,Male,Colombia,Spanish,Reggaeton,Solo,2018,8965.0,6387.9,2587.4,1238.1,13.81,7726.9,86.19
NATTI NATASHA,Female,Dominican Republic,Spanish,Reggaeton,Solo,2010,8960.1,3564.0,5398.2,687.9,7.68,8272.2,92.32
Bruce Springsteen,Male,United States,English,Rock,Solo,1973,8927.6,8741.2,189.7,8713.3,97.6,214.3,2.4
Alfredo Olivas,Male,Mexico,Spanish,Regional Mexican,Solo,2011,8916.0,8080.0,844.9,7975.8,89.45,940.2,10.55
Jonas Brothers,Male,United States,English,Pop,Group,2006,8909.9,6844.4,2067.7,6517.9,73.15,2392.0,26.85
Hans Zimmer,Male,Germany,German,Soundtrack,Solo,1977,8906.9,8155.5,751.4,5041.5,56.6,3865.4,43.4
Julia Michaels,Female,United States,English,Pop,Solo,2010,8899.6,4219.1,4681.7,2876.3,32.32,6023.3,67.68
Deftones,Male,United States,English,Metal,Group,1995,8848.3,8855.1,0.0,8823.4,99.72,24.9,0.28
Clairo,Female,United States,English,Pop,Solo,2012,8831.0,6995.1,1840.3,6603.2,74.77,2227.8,25.23
Whitney Houston,Female,United States,English,R&B,Solo,1985,8828.8,7564.4,1267.8,6762.6,76.6,2066.2,23.4
Tove Lo,Female,Sweden,English,Pop,Solo,2006,8809.4,5689.4,3122.8,4223.1,47.94,4586.3,52.06
DJ Luian,Male,United States,Spanish,Reggaeton,Solo,2010,8801.6,1220.6,7581.0,0.0,0.0,8801.6,100.0
Amy Winehouse,Female,United Kingdom,English,Soul,Solo,2003,8780.4,8238.2,547.7,7557.9,86.08,1222.5,13.92
TV Girl,Male,United States,English,Pop,Group,2010,8779.9,7850.9,932.8,8155.1,92.88,624.8,7.12
Tanishk Bagchi,Male,India,Hindi,Filmi,Solo,2015,8733.0,2987.7,5745.3,6.8,0.08,8726.2,99.92
Dave,Male,United Kingdom,English,Hip-Hop,Solo,2015,8715.2,7648.8,1071.6,2526.7,28.99,6188.5,71.01
Avril Lavigne,Female,Canada,English,Pop,Solo,2002,8706.4,8477.3,233.0,8083.8,92.85,622.6,7.15
Lost Frequencies,Male,Belgium,English,EDM,Solo,2014,8699.2,8316.2,386.2,1923.6,22.11,6775.6,77.89
Kings of Leon,Male,United States,English,Rock,Group,2003,8647.8,8598.1,54.0,8555.2,98.93,92.6,1.07
Joan Sebastian,Male,Mexico,Spanish,Regional Mexican,Solo,1975,8622.1,8534.0,98.1,7271.0,84.33,1351.1,15.67
Alejandro Fernández,Male,Mexico,Spanish,Latin,Solo,1992,8617.1,7717.5,899.6,6368.3,73.9,2248.8,26.1
Glass Animals,Male,United Kingdom,English,Alternative,Group,2012,8591.1,8578.7,15.4,7995.8,93.07,595.3,6.93
Sachin-Jigar,Male,India,Hindi,Filmi,Group,2009,8584.2,6741.1,1843.2,20.0,0.23,8564.2,99.77
Fetty Wap,Male,United States,English,Hip-Hop,Solo,2014,8564.5,5566.1,3001.4,3239.0,37.82,5325.5,62.18
NAV,Male,Canada,English,Hip-Hop,Solo,2017,8564.4,5619.6,2944.9,1852.6,21.63,6711.8,78.37
Jack Johnson,Male,United States,English,Rock,Solo,2001,8551.4,8199.3,355.0,7907.6,92.47,643.8,7.53
SEVENTEEN,Mixed,South Korea,Korean,K-Pop,Group,2015,8531.3,8465.7,70.0,8284.9,97.11,246.4,2.89
The Script,Male,Ireland,English,Rock,Group,2008,8509.5,8483.9,29.2,6435.4,75.63,2074.1,24.37
TINI,Female,Argentina,Spanish,Pop,Solo,2016,8507.9,5811.9,2696.0,1929.8,22.68,6578.1,77.32
Backstreet Boys,Mixed,United States,English,Pop,Group,1996,8485.9,8144.0,346.0,8125.7,95.76,360.2,4.24
Jimin,Male,South Korea,Korean,K-Pop,Solo,2013,8472.9,7819.3,656.6,6967.6,82.23,1505.3,17.77
Mambo Kingz,Male,United States,Spanish,Reggaeton,Group,2004,8457.4,369.6,8087.7,1.3,0.02,8456.1,99.98
NLE Choppa,Male,United States,English,Hip-Hop,Solo,2018,8453.7,6568.5,1885.2,4039.2,47.78,4414.5,52.22
GIMS,Male,DR Congo,French,Hip-Hop,Solo,2013,8439.5,6942.6,1509.4,3538.8,41.93,4900.7,58.07
Calibre 50,Male,Mexico,Spanish,Regional Mexican,Group,2010,8433.8,7838.5,603.3,7244.3,85.9,1189.5,14.1
Chappell Roan,Female,United States,English,Pop,Solo,2017,8382.9,8387.8,0.0,8380.3,99.97,2.6,0.03
Stevie Wonder,Male,United States,English,Soul,Solo,1962,8371.5,7723.5,648.0,7485.7,89.42,885.8,10.58
Juicy J,Male,United States,English,Hip-Hop,Solo,1991,8370.9,1884.2,6486.7,175.8,2.1,8195.1,97.9
Mark Ronson,Male,United Kingdom,English,Pop,Solo,2003,8366.3,6159.1,2210.1,10.3,0.12,8356.0,99.88
Kelly Clarkson,Female,United States,English,Pop,Solo,2002,8339.3,7864.3,477.4,7297.4,87.51,1041.9,12.49
The Offspring,Male,United States,English,Rock,Group,1989,8330.4,8328.6,5.6,8188.5,98.3,141.9,1.7
Bonez MC,Male,Germany,German,Hip-Hop,Solo,2006,8326.7,4696.4,3630.4,1125.8,13.52,7200.9,86.48
Bibi Blocksberg,Female,Germany,German,Children's Music,Solo,1980,8316.5,8317.8,0.0,8289.0,99.67,27.5,0.33
Milo j,Male,Argentina,Spanish,Hip-Hop,Solo,2021,8309.1,5592.0,2724.4,3545.8,42.67,4763.3,57.33
Jay Wheeler,Male,United States,Spanish,Reggaeton,Solo,2019,8282.3,6707.0,1607.4,999.5,12.07,7282.8,87.93
felix jaehn,Male,Germany,English,EDM,Solo,2013,8278.7,4898.7,3389.6,53.5,0.65,8225.2,99.35
Niall Horan,Male,Ireland,English,Pop,Solo,2010,8263.0,3585.1,4693.6,6241.0,75.53,2022.0,24.47
6ix9ine,Male,United States,English,Hip-Hop,Solo,2017,8240.2,6845.4,1394.8,2320.7,28.16,5919.5,71.84
Nate Dogg,Male,United States,English,Hip-Hop,Solo,1992,8235.9,1236.7,6999.2,228.2,2.77,8007.7,97.23
Noriel,Male,United States,Spanish,Reggaeton,Solo,2014,8216.5,760.9,7455.6,196.8,2.4,8019.7,97.6
Vicente Fernández,Male,Mexico,Spanish,Regional Mexican,Solo,1966,8205.4,8009.0,204.5,7878.1,96.01,327.3,3.99
Three Days Grace,Male,Canada,English,Rock,Group,2003,8203.0,7983.1,224.9,7947.8,96.89,255.2,3.11
Aerosmith,Mixed,United States,English,Rock,Group,1973,8200.1,7224.1,979.3,7171.3,87.45,1028.8,12.55
Bee Gees,Male,United Kingdom,English,Pop,Group,1963,8197.2,8080.4,120.7,7892.6,96.28,304.6,3.72
Udit Narayan,Male,Nepal,Hindi,Filmi,Solo,1980,8186.9,3408.5,4789.5,515.9,6.3,7671.0,93.7
Piso 21,Male,Colombia,Spanish,Latin,Group,2012,8164.9,7391.5,775.8,1621.1,19.85,6543.8,80.15
Rod Wave,Male,United States,English,Hip-Hop,Solo,2015,8148.0,7808.0,340.0,6616.8,81.21,1531.2,18.79
Vance Joy,Male,Australia,English,Folk,Solo,2013,8092.2,7918.7,176.9,7804.3,96.44,287.9,3.56
Bon Iver,Male,United States,English,Folk,Solo,2007,8065.4,7161.8,905.7,4817.0,59.72,3248.4,40.28
Eslabon Armado,Male,United States,Spanish,Regional Mexican,Group,2020,8063.4,5540.4,2525.0,3610.3,44.77,4453.1,55.23
JENNIE,Female,South Korea,Korean,K-Pop,Solo,2016,8056.8,4415.6,3648.3,3447.0,42.78,4609.8,57.22
Russ,Male,United States,English,Hip-Hop,Solo,2011,8043.6,7678.7,364.9,6527.6,81.15,1516.0,18.85
Rae Sremmurd,Male,United States,English,Hip-Hop,Group,2013,8030.3,7270.4,754.2,4098.4,51.04,3931.9,48.96
Jess Glynne,Female,United Kingdom,English,Pop,Solo,2014,8019.9,3097.3,4922.6,2755.3,34.36,5264.6,65.64
The Smiths,Male,United Kingdom,English,Rock,Group,1983,8014.7,8019.1,0.0,8014.7,100.0,0.0,0.0
Eagles,Male,United States,English,Rock,Group,1972,7987.3,7990.9,0.0,7987.3,100.0,0.0,0.0
The Police,Male,United Kingdom,English,Rock,Group,1977,7976.6,7980.4,0.6,7960.2,99.79,16.4,0.21
Phil Collins,Male,United Kingdom,English,Pop,Solo,1981,7940.4,7942.6,0.0,7116.9,89.63,823.5,10.37
The Strokes,Male,United States,English,Rock,Group,2001,7934.8,4641.5,3299.4,7901.6,99.58,33.2,0.42
Atif Aslam,Male,Pakistan,Urdu,Pop,Solo,2002,7934.5,2022.8,5906.0,723.0,9.11,7211.5,90.89
Ovy On The Drums,Male,Colombia,Spanish,Reggaeton,Solo,2016,7921.6,7400.3,508.4,7.5,0.09,7914.1,99.91
Olivia Dean,Female,United Kingdom,English,Soul,Solo,2018,7892.9,7895.6,0.0,7164.5,90.77,728.4,9.23
Dire Straits,Male,United Kingdom,English,Rock,Group,1978,7891.3,7595.8,298.7,7890.8,99.99,0.5,0.01
NewJeans,Female,South Korea,Korean,K-Pop,Group,2022,7886.9,7880.6,5.3,7566.0,95.93,320.9,4.07
Avenged Sevenfold,Male,United States,English,Metal,Group,2001,7871.9,7152.0,706.6,7858.1,99.82,13.8,0.18
Ricardo Arjona,Male,Guatemala,Spanish,Latin,Solo,1985,7852.2,7854.4,4.0,7062.0,89.94,790.2,10.06
Los Ángeles Azules,Mixed,Mexico,Spanish,Latin,Group,1982,7838.9,7528.0,310.9,2829.8,36.1,5009.1,63.9
Rex Orange County,Male,United Kingdom,English,Pop,Solo,2015,7824.1,6895.6,928.5,6188.5,79.1,1635.6,20.9
ScHoolboy Q,Male,United States,English,Hip-Hop,Solo,2008,7817.3,4590.4,3227.0,1655.2,21.17,6162.1,78.83
6LACK,Male,United States,English,R&B,Solo,2016,7810.5,3575.2,4235.2,2342.1,29.99,5468.4,70.01
Disclosure,Male,United Kingdom,English,EDM,Group,2010,7787.8,5988.8,1801.6,801.0,10.29,6986.8,89.71
Brytiago,Male,United States,Spanish,Reggaeton,Solo,2014,7785.3,2720.2,5065.1,69.3,0.89,7716.0,99.11
Alesso,Male,Sweden,English,EDM,Solo,2010,7765.7,4434.2,3331.5,781.1,10.06,6984.6,89.94
RAF Camora,Male,Austria,German,Hip-Hop,Solo,2006,7738.2,3470.6,4267.7,1580.4,20.42,6157.8,79.58
Nelly,Male,United States,English,Hip-Hop,Solo,2000,7729.6,6445.6,1287.7,2355.3,30.47,5374.3,69.53
Mumford & Sons,Male,United Kingdom,English,Rock,Group,2009,7713.9,7713.9,0.0,7200.6,93.35,513.3,6.65
Kumaar,Male,India,Hindi,Pop,Solo,1999,7689.5,107.1,7598.6,0.0,0.0,7689.5,100.0
Pearl Jam,Male,United States,English,Rock,Group,1991,7673.1,7673.1,0.0,7659.2,99.82,13.9,0.18
Zion,Male,United States,Spanish,Reggaeton,Solo,2004,7661.6,1713.9,5947.7,560.9,7.32,7100.7,92.68
Ryan Castro,Male,Colombia,Spanish,Reggaeton,Solo,2017,7645.2,4203.6,3448.5,1809.6,23.67,5835.6,76.33
Nelly Furtado,Female,Canada,English,Pop,Solo,2000,7628.1,6657.6,974.8,3569.0,46.79,4059.1,53.21
Wesley Safadão,Male,Brazil,Portuguese,Latin,Solo,2003,7618.8,5257.8,2361.0,2908.3,38.17,4710.5,61.83
Disturbed,Male,United States,English,Metal,Group,2000,7612.3,7614.9,0.0,6849.1,89.97,763.2,10.03
H.E.R.,Female,United States,English,R&B,Solo,2016,7608.2,3801.5,3806.7,2191.8,28.81,5416.4,71.19
Rita Ora,Female,United Kingdom,English,Pop,Solo,2012,7596.7,3575.7,4021.0,2786.1,36.68,4810.6,63.32
Kevin Gates,Male,United States,English,Hip-Hop,Solo,2007,7589.1,6273.4,1315.7,5418.2,71.39,2170.9,28.61
beabadoobee,Female,Philippines,English,Rock,Solo,2017,7552.8,5418.1,2144.1,4710.0,62.36,2842.8,37.64
Karan Aujla,Male,India,Punjabi,Hip-Hop,Solo,2014,7550.3,6212.4,1334.7,1537.2,20.36,6013.1,79.64
Céline Dion,Female,Canada,French,Pop,Solo,1981,7543.1,7093.1,450.0,6268.7,83.11,1274.4,16.89
Bryan Adams,Male,Canada,English,Rock,Solo,1980,7503.2,5958.2,1568.1,6592.7,87.87,910.5,12.13
ENHYPEN,Male,South Korea,Korean,K-Pop,Group,2020,7486.2,7178.8,328.1,7290.2,97.38,196.0,2.62
Dominic Fike,Male,United States,English,Alternative,Solo,2017,7485.1,6757.7,735.7,6205.8,82.91,1279.3,17.09
Ana Castela,Female,Brazil,Portuguese,Sertanjeo,Solo,2021,7467.3,7464.6,26.0,1330.8,17.82,6136.5,82.18
LANY,Male,United States,English,Pop,Group,2014,7453.2,2524.9,4942.4,6424.3,86.2,1028.9,13.8
Johnny Cash,Male,United States,English,Country,Solo,1955,7450.6,6491.8,961.4,5866.4,78.74,1584.2,21.26
B.o.B,Male,United States,English,Hip-Hop,Solo,2007,7431.9,6391.9,1058.7,528.2,7.11,6903.7,92.89
Jason Aldean,Male,United States,English,Country,Solo,2005,7423.5,7117.2,319.9,6510.5,87.7,913.0,12.3
Luan Santana,Male,Brazil,Portuguese,Sertanjeo,Solo,2009,7416.8,4668.1,2767.0,4913.6,66.25,2503.2,33.75
KHEA,Male,Argentina,Spanish,Hip-Hop,Solo,2017,7405.6,6405.3,1014.5,639.2,8.63,6766.4,91.37
Maiara & Maraisa,Female,Brazil,Portuguese,Sertanjeo,Group,2013,7388.4,3471.7,3933.9,2317.8,31.37,5070.6,68.63
Mc IG,Male,Brazil,Portuguese,Latin,Solo,2015,7387.8,2807.5,4581.0,359.7,4.87,7028.1,95.13
Tiago PZK,Male,Argentina,Spanish,Hip-Hop,Solo,2018,7377.9,4274.5,3113.3,716.5,9.71,6661.4,90.29
Tom Odell,Male,United Kingdom,English,Pop,Solo,2012,7352.6,3894.0,3483.8,6069.3,82.55,1283.3,17.45
Macklemore & Ryan Lewis,Mixed,United States,English,Hip-Hop,Group,2009,7347.9,6711.8,643.7,114.9,1.56,7233.0,98.44
Thomas Rhett,Male,United States,English,Country,Solo,2012,7337.5,3928.0,3422.3,5340.9,72.79,1996.6,27.21
MØ,Female,Denmark,English,Pop,Solo,2006,7335.2,6735.6,602.0,1341.8,18.29,5993.4,81.71
Five Finger Death Punch,Male,United States,English,Metal,Group,2007,7326.6,1671.1,5664.1,6816.6,93.04,510.0,6.96
Kane Brown,Male,United States,English,Country,Solo,2014,7313.2,7318.3,8.3,2901.6,39.68,4411.6,60.32
Laufey,Female,Iceland,English,Pop,Solo,2020,7286.8,4703.7,2609.5,6083.2,83.48,1203.6,16.52
Grupo Menos É Mais,Male,Brazil,Portuguese,Latin,Group,2016,7277.6,6836.9,455.9,3003.0,41.26,4274.6,58.74
Nicki Nicole,Female,Argentina,Spanish,Latin,Solo,2019,7256.2,2470.4,4785.8,976.1,13.45,6280.1,86.55
Moneybagg Yo,Male,United States,English,Hip-Hop,Solo,2012,7252.1,4583.7,2668.4,2499.0,34.46,4753.1,65.54
Magenta,Female,Italy,Italian,Pop,Solo,1997,7239.7,0.0,7239.7,0.0,0.0,7239.7,100.0
Ryan Lewis,Male,United States,English,Hip-Hop,Solo,2008,7237.6,0.0,7237.6,0.0,0.0,7237.6,100.0
Morad,Male,Spain,Spanish,Hip-Hop,Solo,2018,7209.6,3303.8,3905.7,2183.8,30.29,5025.8,69.71
Calum Scott,Male,United Kingdom,English,Pop,Solo,2016,7192.6,4689.2,2505.3,3982.2,55.37,3210.4,44.63
TOMORROW X TOGETHER,Male,South Korea,Korean,K-Pop,Group,2019,7182.1,6877.5,304.7,6118.4,85.19,1063.7,14.81
Grupo Marca Registrada,Male,Mexico,Spanish,Regional Mexican,Group,2015,7123.4,5595.9,1527.5,3002.0,42.14,4121.4,57.86
benny blanco,Male,United States,English,Pop,Solo,2007,7114.1,4400.3,2716.0,3.9,0.05,7110.2,99.95
JID,Male,United States,English,Hip-Hop,Solo,2010,7073.7,2882.3,4191.4,1158.3,16.37,5915.4,83.63
YNW Melly,Male,United States,English,Hip-Hop,Solo,2017,7061.3,7067.3,0.0,4346.8,61.56,2714.5,38.44
Juan Gabriel,Male,Mexico,Spanish,Latin,Solo,1971,7059.2,6505.8,557.1,5676.3,80.41,1382.9,19.59
Los Temerarios,Male,Mexico,Spanish,Latin,Group,1977,7059.2,6607.2,446.9,7059.2,100.0,0.0,0.0
Jason Mraz,Male,United States,English,Pop,Solo,2002,7048.5,6851.4,199.1,5805.0,82.36,1243.5,17.64
The Cure,Male,United Kingdom,English,Rock,Group,1979,7034.1,7035.0,3.3,6940.1,98.66,94.0,1.34
The Marías,Mixed,United States,English,Pop,Group,2017,7029.1,5774.4,1261.4,5705.9,81.18,1323.2,18.82
Limp Bizkit,Male,United States,English,Nu Metal,Group,1997,7018.9,7018.4,5.4,6806.0,96.97,212.9,3.03
Korn,Male,United States,English,Metal,Group,1994,6976.4,4188.4,2798.5,6414.9,91.95,561.5,8.05
Omar Courtz,Male,United States,Spanish,Reggaeton,Solo,2017,6972.0,6956.0,20.3,1876.2,26.91,5095.8,73.09
